/train/_0_1169.jpeg,0
/train/_0_1414.jpeg,0
/train/_0_207.jpeg,0
/train/_0_2142.jpeg,0
/train/_0_2370.jpeg,0
/train/_0_3072.jpeg,0
/train/_0_4431.jpeg,0
/train/_0_4480.jpeg,0
/train/_0_4574.jpeg,0
/train/_0_4747.jpeg,0
/train/_0_5315.jpeg,0
/train/_0_5472.jpeg,0
/train/_0_5579.jpeg,0
/train/_0_5702.jpeg,0
/train/_0_6060.jpeg,0
/train/_0_6149.jpeg,0
/train/_0_6311.jpeg,0
/train/_0_651.jpeg,0
/train/_0_6628.jpeg,0
/train/_0_6863.jpeg,0
/train/_0_7353.jpeg,0
/train/_0_7445.jpeg,0
/train/_0_7721.jpeg,0
/train/_0_7803.jpeg,0
/train/_0_7902.jpeg,0
/train/_0_797.jpeg,0
/train/_0_7989.jpeg,0
/train/_0_9044.jpeg,0
/train/_0_9188.jpeg,0
/train/_0_9211.jpeg,0
/train/_0_9284.jpeg,0
/train/_0_9508.jpeg,0
/train/_0_9795.jpeg,0
/train/_0_991.jpeg,0
/train/_1_1133.jpeg,0
/train/_1_127.jpeg,0
/train/_1_293.jpeg,0
/train/_1_464.jpeg,0
/train/_1_752.jpeg,0
/train/_1_91.jpeg,0
/train/_0_1063.jpeg,1
/train/_0_1106.jpeg,1
/train/_0_1349.jpeg,1
/train/_0_1437.jpeg,1
/train/_0_1529.jpeg,1
/train/_0_1587.jpeg,1
/train/_0_1726.jpeg,1
/train/_0_204.jpeg,1
/train/_0_278.jpeg,1
/train/_0_331.jpeg,1
/train/_0_539.jpeg,1
/train/_0_547.jpeg,1
/train/_0_630.jpeg,1
/train/_0_687.jpeg,1
/train/_0_727.jpeg,1
/train/_0_747.jpeg,1
/train/_0_750.jpeg,1
/train/_0_842.jpeg,1
/train/_0_918.jpeg,1
/train/_0_967.jpeg,1
/train/_0_1173.jpeg,2
/train/_0_1276.jpeg,2
/train/_0_180.jpeg,2
/train/_0_185.jpeg,2
/train/_0_260.jpeg,2
/train/_0_375.jpeg,2
/train/_0_435.jpeg,2
/train/_0_453.jpeg,2
/train/_0_494.jpeg,2
/train/_0_508.jpeg,2
/train/_0_527.jpeg,2
/train/_0_563.jpeg,2
/train/_0_620.jpeg,2
/train/_0_635.jpeg,2
/train/_0_671.jpeg,2
/train/_0_730.jpeg,2
/train/_0_760.jpeg,2
/train/_0_773.jpeg,2
/train/_0_780.jpeg,2
/train/_0_791.jpeg,2
/train/_0_1095.jpeg,3
/train/_0_1986.jpeg,3
/train/_0_2400.jpeg,3
/train/_0_292.jpeg,3
/train/_0_4212.jpeg,3
/train/_0_4620.jpeg,3
/train/_0_4628.jpeg,3
/train/_0_4888.jpeg,3
/train/_0_4892.jpeg,3
/train/_0_5763.jpeg,3
/train/_0_6879.jpeg,3
/train/_0_7337.jpeg,3
/train/_0_8081.jpeg,3
/train/_0_9495.jpeg,3
/train/_0_9649.jpeg,3
/train/_0_9742.jpeg,3
/train/_1_1032.jpeg,3
/train/_1_160.jpeg,3
/train/_1_1877.jpeg,3
/train/_1_811.jpeg,3
